air,wall,wall,wall,wall,wall,wall,wall,wall,wall,wall,wall,wall,wall,wall,wall,wall,wall,wall,wall,wall,wall,wall,wall,wall,wall,wall,wall,wall,wall,wall,wall,wall,wall,wall,wall,wall,wall,wall,wall,wall,wall,wall,wall,wall,wall,wall,wall,wall,wall,wall,wall,wall,wall,wall,wall,wall,wall,wall,wall,wall,wall,wall,wall,wall,wall,wall,wall,wall,wall,wall,wall,wall,wall,wall,wall,wall,wall,wall,wall,wall,wall,wall,wall,wall,wall,wall,wall,wall,wall,wall,wall,wall,wall,wall,wall,wall,wall,wall,wall,air
wall,air,air,air,air,air,air,air,air,air,air,air,air,air,air,air,air,air,air,air,air,air,air,air,air,air,air,air,air,air,air,air,air,air,air,air,air,air,air,air,air,air,air,air,air,air,air,air,air,air,air,air,air,air,air,air,air,air,air,air,air,air,air,air,air,air,air,air,air,air,air,air,air,air,air,air,air,air,air,air,air,air,air,air,air,air,air,air,air,air,air,air,air,air,air,air,air,air,air,air,wall
wall,air,air,air,air,air,air,air,air,air,air,air,air,air,air,air,air,air,air,air,air,air,air,air,air,air,air,air,air,air,air,air,air,air,air,air,air,air,air,air,air,air,air,air,air,air,air,air,air,air,air,air,air,air,air,air,air,air,air,air,air,air,air,air,air,air,air,air,air,air,air,air,air,air,air,air,air,air,air,air,air,air,air,air,air,air,air,air,air,air,air,air,air,air,air,air,air,air,air,air,wall
wall,air,air,air,air,air,air,air,air,air,air,air,air,air,air,air,air,air,air,air,air,air,air,air,air,air,air,air,air,air,air,air,air,air,air,air,air,air,air,air,air,air,air,air,air,air,air,air,air,air,air,air,air,air,air,air,air,air,air,air,air,air,air,air,air,air,air,air,air,air,air,air,air,air,air,air,air,air,air,air,air,air,air,air,air,air,air,air,air,air,air,air,air,air,air,air,air,air,air,air,wall
wall,air,air,air,air,air,air,air,air,air,air,air,air,air,air,air,air,air,air,air,air,air,air,air,air,air,air,air,air,air,air,air,air,air,air,air,air,air,air,air,air,air,air,air,air,air,air,air,air,air,air,air,air,air,air,air,air,air,air,air,air,air,air,air,air,air,air,air,air,air,air,air,air,air,air,air,air,air,air,air,air,air,air,air,air,air,air,air,air,air,air,air,air,air,air,air,air,air,air,air,wall
wall,air,air,air,air,air,air,air,air,air,air,air,air,air,air,air,air,air,air,air,air,air,air,air,air,air,air,air,air,air,air,air,air,air,air,air,air,air,air,air,air,air,air,air,air,air,air,air,air,air,air,air,air,air,air,air,air,air,air,air,air,air,air,air,air,air,air,air,air,air,air,air,air,air,air,air,air,air,air,air,air,air,air,air,air,air,air,air,air,air,air,air,air,air,air,air,air,air,air,air,wall
wall,air,air,air,air,air,air,air,air,air,air,air,air,air,air,air,air,air,air,air,air,air,air,air,air,air,air,air,air,air,air,air,air,air,air,air,air,air,air,air,air,air,air,air,air,air,air,air,air,air,air,air,air,air,air,air,air,air,air,air,air,air,air,air,air,air,air,air,air,air,air,air,air,air,air,air,air,air,air,air,air,air,air,air,air,air,air,air,air,air,air,air,air,air,air,air,air,air,air,air,wall
wall,air,air,air,air,air,air,air,air,air,air,air,air,air,air,air,air,air,air,air,air,air,air,air,air,air,air,air,air,air,air,air,air,air,air,air,air,air,air,air,air,air,air,air,air,air,air,air,air,air,air,air,air,air,air,air,air,air,air,air,air,air,air,air,air,air,air,air,air,air,air,air,air,air,air,air,air,air,air,air,air,air,air,air,air,air,air,air,air,air,air,air,air,air,air,air,air,air,air,air,wall
wall,air,air,air,air,air,air,air,air,air,air,air,air,air,air,air,air,air,air,air,air,air,air,air,air,air,air,air,air,air,air,air,air,air,air,air,air,air,air,air,air,air,air,air,air,air,air,air,air,air,air,air,air,air,air,air,air,air,air,air,air,air,air,air,air,air,air,air,air,air,air,air,air,air,air,air,air,air,air,air,air,air,air,air,air,air,air,air,air,air,air,air,air,air,air,air,air,air,air,air,wall
wall,air,air,air,air,air,air,air,air,air,air,air,air,air,air,air,air,air,air,air,air,air,air,air,air,air,air,air,air,air,air,air,air,air,air,air,air,air,air,air,air,air,air,air,air,air,air,air,air,air,air,air,air,air,air,air,air,air,air,air,air,air,air,air,air,air,air,air,air,air,air,air,air,air,air,air,air,air,air,air,air,air,air,air,air,air,air,air,air,air,air,air,air,air,air,air,air,air,air,air,wall
wall,air,air,air,air,air,air,air,air,air,air,air,air,air,air,air,air,air,air,air,air,air,air,air,air,air,air,air,air,air,air,air,air,air,air,air,air,air,air,air,air,air,air,air,air,air,air,air,air,air,air,air,air,air,air,air,air,air,air,air,air,air,air,air,air,air,air,air,air,air,air,air,air,air,air,air,air,air,air,air,air,air,air,air,air,air,air,air,air,air,air,air,air,air,air,air,air,air,air,air,wall
wall,air,air,air,air,air,air,air,air,air,air,air,air,air,air,air,air,air,air,air,air,air,air,air,air,air,air,air,air,air,air,air,air,air,air,air,air,air,air,air,air,air,air,air,air,air,air,air,air,air,air,air,air,air,air,air,air,air,air,air,air,air,air,air,air,air,air,air,air,air,air,air,air,air,air,air,air,air,air,air,air,air,air,air,air,air,air,air,air,air,air,air,air,air,air,air,air,air,air,air,wall
wall,air,air,air,air,air,air,air,air,air,air,air,air,air,air,air,air,air,air,air,air,air,air,air,air,air,air,air,air,air,air,air,air,air,air,air,air,air,air,air,air,air,air,air,air,air,air,air,air,air,air,air,air,air,air,air,air,air,air,air,air,air,air,air,air,air,air,air,air,air,air,air,air,air,air,air,air,air,air,air,air,air,air,air,air,air,air,air,air,air,air,air,air,air,air,air,air,air,air,air,wall
wall,air,air,air,air,air,air,air,air,air,air,air,air,air,air,air,air,air,air,air,air,air,air,air,air,air,air,air,air,air,air,air,air,air,air,air,air,air,air,air,air,air,air,air,air,air,air,air,air,air,air,air,air,air,air,air,air,air,air,air,air,air,air,air,air,air,air,air,air,air,air,air,air,air,air,air,air,air,air,air,air,air,air,air,air,air,air,air,air,air,air,air,air,air,air,air,air,air,air,air,wall
wall,air,air,air,air,air,air,air,air,air,air,air,air,air,air,air,air,air,air,air,air,air,air,air,air,air,air,air,air,air,air,air,air,air,air,air,air,air,air,air,air,air,air,air,air,air,air,air,air,air,air,air,air,air,air,air,air,air,air,air,air,air,air,air,air,air,air,air,air,air,air,air,air,air,air,air,air,air,air,air,air,air,air,air,air,air,air,air,air,air,air,air,air,air,air,air,air,air,air,air,wall
wall,air,air,air,air,air,air,air,air,air,air,air,air,air,air,air,air,air,air,air,air,air,air,air,air,air,air,air,air,air,air,air,air,air,air,air,air,air,air,air,air,air,air,air,air,air,air,air,air,air,air,air,air,air,air,air,air,air,air,air,air,air,air,air,air,air,air,air,air,air,air,air,air,air,air,air,air,air,air,air,air,air,air,air,air,air,air,air,air,air,air,air,air,air,air,air,air,air,air,air,wall
wall,air,air,air,air,air,air,air,air,air,air,air,air,air,air,air,air,air,air,air,air,air,air,air,air,air,air,air,air,air,air,air,air,air,air,air,air,air,air,air,air,air,air,air,air,air,air,air,air,air,air,air,air,air,air,air,air,air,air,air,air,air,air,air,air,air,air,air,air,air,air,air,air,air,air,air,air,air,air,air,air,air,air,air,air,air,air,air,air,air,air,air,air,air,air,air,air,air,air,air,wall
wall,air,air,air,air,air,air,air,air,air,air,air,air,air,air,air,air,air,air,air,air,air,air,air,air,air,air,air,air,air,air,air,air,air,air,air,air,air,air,air,air,air,air,air,air,air,air,air,air,air,air,air,air,air,air,air,air,air,air,air,air,air,air,air,air,air,air,air,air,air,air,air,air,air,air,air,air,air,air,air,air,air,air,air,air,air,air,air,air,air,air,air,air,air,air,air,air,air,air,air,wall
wall,air,air,air,air,air,air,air,air,air,air,air,air,air,air,air,air,air,air,air,air,air,air,air,air,air,air,air,air,air,air,air,air,air,air,air,air,air,air,air,air,air,air,air,air,air,air,air,air,air,air,air,air,air,air,air,air,air,air,air,air,air,air,air,air,air,air,air,air,air,air,air,air,air,air,air,air,air,air,air,air,air,air,air,air,air,air,air,air,air,air,air,air,air,air,air,air,air,air,air,wall
wall,air,air,air,air,air,air,air,air,air,air,air,air,air,air,air,air,air,air,air,air,air,air,air,air,air,air,air,air,air,air,air,air,air,air,air,air,air,air,air,air,air,air,air,air,air,air,air,air,air,air,air,air,air,air,air,air,air,air,air,air,air,air,air,air,air,air,air,air,air,air,air,air,air,air,air,air,air,air,air,air,air,air,air,air,air,air,air,air,air,air,air,air,air,air,air,air,air,air,air,wall
wall,air,air,air,air,air,air,air,air,air,air,air,air,air,air,air,air,air,air,air,air,air,air,air,air,air,air,air,air,air,air,air,air,air,air,air,air,air,air,air,air,air,air,air,air,air,air,air,air,air,air,air,air,air,air,air,air,air,air,air,air,air,air,air,air,air,air,air,air,air,air,air,air,air,air,air,air,air,air,air,air,air,air,air,air,air,air,air,air,air,air,air,air,air,air,air,air,air,air,air,wall
wall,air,air,air,air,air,air,air,air,air,air,air,air,air,air,air,air,air,air,air,air,air,air,air,air,air,air,air,air,air,air,air,air,air,air,air,air,air,air,air,air,air,air,air,air,air,air,air,air,air,air,air,air,air,air,air,air,air,air,air,air,air,air,air,air,air,air,air,air,air,air,air,air,air,air,air,air,air,air,air,air,air,air,air,air,air,air,air,air,air,air,air,air,air,air,air,air,air,air,air,wall
wall,air,air,air,air,air,air,air,air,air,air,air,air,air,air,air,air,air,air,air,air,air,air,air,air,air,air,air,air,air,air,air,air,air,air,air,air,air,air,air,air,air,air,air,air,air,air,air,air,air,air,air,air,air,air,air,air,air,air,air,air,air,air,air,air,air,air,air,air,air,air,air,air,air,air,air,air,air,air,air,air,air,air,air,air,air,air,air,air,air,air,air,air,air,air,air,air,air,air,air,wall
wall,air,air,air,air,air,air,air,air,air,air,air,air,air,air,air,air,air,air,air,air,air,air,air,air,air,air,air,air,air,air,air,air,air,air,air,air,air,air,air,air,air,air,air,air,air,air,air,air,air,air,air,air,air,air,air,air,air,air,air,air,air,air,air,air,air,air,air,air,air,air,air,air,air,air,air,air,air,air,air,air,air,air,air,air,air,air,air,air,air,air,air,air,air,air,air,air,air,air,air,wall
wall,air,air,air,air,air,air,air,air,air,air,air,air,air,air,air,air,air,air,air,air,air,air,air,air,air,air,air,air,air,air,air,air,air,air,air,air,air,air,air,air,air,air,air,air,air,air,air,air,air,air,air,air,air,air,air,air,air,air,air,air,air,air,air,air,air,air,air,air,air,air,air,air,air,air,air,air,air,air,air,air,air,air,air,air,air,air,air,air,air,air,air,air,air,air,air,air,air,air,air,wall
wall,air,air,air,air,air,air,air,air,air,air,air,air,air,air,air,air,air,air,air,air,air,air,air,air,air,air,air,air,air,air,air,air,air,air,air,air,air,air,air,air,air,air,air,air,air,air,air,air,air,air,air,air,air,air,air,air,air,air,air,air,air,air,air,air,air,air,air,air,air,air,air,air,air,air,air,air,air,air,air,air,air,air,air,air,air,air,air,air,air,air,air,air,air,air,air,air,air,air,air,wall
wall,air,air,air,air,air,air,air,air,air,air,air,air,air,air,air,air,air,air,air,air,air,air,air,air,air,air,air,air,air,air,air,air,air,air,air,air,air,air,air,air,air,air,air,air,air,air,air,air,air,air,air,air,air,air,air,air,air,air,air,air,air,air,air,air,air,air,air,air,air,air,air,air,air,air,air,air,air,air,air,air,air,air,air,air,air,air,air,air,air,air,air,air,air,air,air,air,air,air,air,wall
wall,air,air,air,air,air,air,air,air,air,air,air,air,air,air,air,air,air,air,air,air,air,air,air,air,air,air,air,air,air,air,air,air,air,air,air,air,air,air,air,air,air,air,air,air,air,air,air,air,air,air,air,air,air,air,air,air,air,air,air,air,air,air,air,air,air,air,air,air,air,air,air,air,air,air,air,air,air,air,air,air,air,air,air,air,air,air,air,air,air,air,air,air,air,air,air,air,air,air,air,wall
wall,air,air,air,air,air,air,air,air,air,air,air,air,air,air,air,air,air,air,air,air,air,air,air,air,air,air,air,air,air,air,air,air,air,air,air,air,air,air,air,air,air,air,air,air,air,air,air,air,air,air,air,air,air,air,air,air,air,air,air,air,air,air,air,air,air,air,air,air,air,air,air,air,air,air,air,air,air,air,air,air,air,air,air,air,air,air,air,air,air,air,air,air,air,air,air,air,air,air,air,wall
wall,air,air,air,air,air,air,air,air,air,air,air,air,air,air,air,air,air,air,air,air,air,air,air,air,air,air,air,air,air,air,air,air,air,air,air,air,air,air,air,air,air,air,air,air,air,air,air,air,air,air,air,air,air,air,air,air,air,air,air,air,air,air,air,air,air,air,air,air,air,air,air,air,air,air,air,air,air,air,air,air,air,air,air,air,air,air,air,air,air,air,air,air,air,air,air,air,air,air,air,wall
wall,air,air,air,air,air,air,air,air,air,air,air,air,air,air,air,air,air,air,air,air,air,air,air,air,air,air,air,air,air,air,air,air,air,air,air,air,air,air,air,air,air,air,air,air,air,air,air,air,air,air,air,air,air,air,air,air,air,air,air,air,air,air,air,air,air,air,air,air,air,air,air,air,air,air,air,air,air,air,air,air,air,air,air,air,air,air,air,air,air,air,air,air,air,air,air,air,air,air,air,wall
wall,air,air,air,air,air,air,air,air,air,air,air,air,air,air,air,air,air,air,air,air,air,air,air,air,air,air,air,air,air,air,air,air,air,air,air,air,air,air,air,air,air,air,air,air,air,air,air,air,air,air,air,air,air,air,air,air,air,air,air,air,air,air,air,air,air,air,air,air,air,air,air,air,air,air,air,air,air,air,air,air,air,air,air,air,air,air,air,air,air,air,air,air,air,air,air,air,air,air,air,wall
wall,air,air,air,air,air,air,air,air,air,air,air,air,air,air,air,air,air,air,air,air,air,air,air,air,air,air,air,air,air,air,air,air,air,air,air,air,air,air,air,air,air,air,air,air,air,air,air,air,air,air,air,air,air,air,air,air,air,air,air,air,air,air,air,air,air,air,air,air,air,air,air,air,air,air,air,air,air,air,air,air,air,air,air,air,air,air,air,air,air,air,air,air,air,air,air,air,air,air,air,wall
wall,air,air,air,air,air,air,air,air,air,air,air,air,air,air,air,air,air,air,air,air,air,air,air,air,air,air,air,air,air,air,air,air,air,air,air,air,air,air,air,air,air,air,air,air,air,air,air,air,air,air,air,air,air,air,air,air,air,air,air,air,air,air,air,air,air,air,air,air,air,air,air,air,air,air,air,air,air,air,air,air,air,air,air,air,air,air,air,air,air,air,air,air,air,air,air,air,air,air,air,wall
wall,air,air,air,air,air,air,air,air,air,air,air,air,air,air,air,air,air,air,air,air,air,air,air,air,air,air,air,air,air,air,air,air,air,air,air,air,air,air,air,air,air,air,air,air,air,air,air,air,air,air,air,air,air,air,air,air,air,air,air,air,air,air,air,air,air,air,air,air,air,air,air,air,air,air,air,air,air,air,air,air,air,air,air,air,air,air,air,air,air,air,air,air,air,air,air,air,air,air,air,wall
wall,air,air,air,air,air,air,air,air,air,air,air,air,air,air,air,air,air,air,air,air,air,air,air,air,air,air,air,air,air,air,air,air,air,air,air,air,air,air,air,air,air,air,air,air,air,air,air,air,air,air,air,air,air,air,air,air,air,air,air,air,air,air,air,air,air,air,air,air,air,air,air,air,air,air,air,air,air,air,air,air,air,air,air,air,air,air,air,air,air,air,air,air,air,air,air,air,air,air,air,wall
wall,air,air,air,air,air,air,air,air,air,air,air,air,air,air,air,air,air,air,air,air,air,air,air,air,air,air,air,air,air,air,air,air,air,air,air,air,air,air,air,air,air,air,air,air,air,air,air,air,air,air,air,air,air,air,air,air,air,air,air,air,air,air,air,air,air,air,air,air,air,air,air,air,air,air,air,air,air,air,air,air,air,air,air,air,air,air,air,air,air,air,air,air,air,air,air,air,air,air,air,wall
wall,air,air,air,air,air,air,air,air,air,air,air,air,air,air,air,air,air,air,air,air,air,air,air,air,air,air,air,air,air,air,air,air,air,air,air,air,air,air,air,air,air,air,air,air,air,air,air,air,air,air,air,air,air,air,air,air,air,air,air,air,air,air,air,air,air,air,air,air,air,air,air,air,air,air,air,air,air,air,air,air,air,air,air,air,air,air,air,air,air,air,air,air,air,air,air,air,air,air,air,wall
wall,air,air,air,air,air,air,air,air,air,air,air,air,air,air,air,air,air,air,air,air,air,air,air,air,air,air,air,air,air,air,air,air,air,air,air,air,air,air,air,air,air,air,air,air,air,air,air,air,air,air,air,air,air,air,air,air,air,air,air,air,air,air,air,air,air,air,air,air,air,air,air,air,air,air,air,air,air,air,air,air,air,air,air,air,air,air,air,air,air,air,air,air,air,air,air,air,air,air,air,wall
wall,air,air,air,air,air,air,air,air,air,air,air,air,air,air,air,air,air,air,air,air,air,air,air,air,air,air,air,air,air,air,air,air,air,air,air,air,air,air,air,air,air,air,air,air,air,air,air,air,air,air,air,air,air,air,air,air,air,air,air,air,air,air,air,air,air,air,air,air,air,air,air,air,air,air,air,air,air,air,air,air,air,air,air,air,air,air,air,air,air,air,air,air,air,air,air,air,air,air,air,wall
wall,air,air,air,air,air,air,air,air,air,air,air,air,air,air,air,air,air,air,air,air,air,air,air,air,air,air,air,air,air,air,air,air,air,air,air,air,air,air,air,air,air,air,air,air,air,air,air,air,air,air,air,air,air,air,air,air,air,air,air,air,air,air,air,air,air,air,air,air,air,air,air,air,air,air,air,air,air,air,air,air,air,air,air,air,air,air,air,air,air,air,air,air,air,air,air,air,air,air,air,wall
wall,air,air,air,air,air,air,air,air,air,air,air,air,air,air,air,air,air,air,air,air,air,air,air,air,air,air,air,air,air,air,air,air,air,air,air,air,air,air,air,air,air,air,air,air,air,air,air,air,air,air,air,air,air,air,air,air,air,air,air,air,air,air,air,air,air,air,air,air,air,air,air,air,air,air,air,air,air,air,air,air,air,air,air,air,air,air,air,air,air,air,air,air,air,air,air,air,air,air,air,wall
wall,air,air,air,air,air,air,air,air,air,air,air,air,air,air,air,air,air,air,air,air,air,air,air,air,air,air,air,air,air,air,air,air,air,air,air,air,air,air,air,air,air,air,air,air,air,air,air,air,air,air,air,air,air,air,air,air,air,air,air,air,air,air,air,air,air,air,air,air,air,air,air,air,air,air,air,air,air,air,air,air,air,air,air,air,air,air,air,air,air,air,air,air,air,air,air,air,air,air,air,wall
wall,air,air,air,air,air,air,air,air,air,air,air,air,air,air,air,air,air,air,air,air,air,air,air,air,air,air,air,air,air,air,air,air,air,air,air,air,air,air,air,air,air,air,air,air,air,air,air,air,air,air,air,air,air,air,air,air,air,air,air,air,air,air,air,air,air,air,air,air,air,air,air,air,air,air,air,air,air,air,air,air,air,air,air,air,air,air,air,air,air,air,air,air,air,air,air,air,air,air,air,wall
wall,air,air,air,air,air,air,air,air,air,air,air,air,air,air,air,air,air,air,air,air,air,air,air,air,air,air,air,air,air,air,air,air,air,air,air,air,air,air,air,air,air,air,air,air,air,air,air,air,air,air,air,air,air,air,air,air,air,air,air,air,air,air,air,air,air,air,air,air,air,air,air,air,air,air,air,air,air,air,air,air,air,air,air,air,air,air,air,air,air,air,air,air,air,air,air,air,air,air,air,wall
wall,air,air,air,air,air,air,air,air,air,air,air,air,air,air,air,air,air,air,air,air,air,air,air,air,air,air,air,air,air,air,air,air,air,air,air,air,air,air,air,air,air,air,air,air,air,air,air,air,air,air,air,air,air,air,air,air,air,air,air,air,air,air,air,air,air,air,air,air,air,air,air,air,air,air,air,air,air,air,air,air,air,air,air,air,air,air,air,air,air,air,air,air,air,air,air,air,air,air,air,wall
wall,air,air,air,air,air,air,air,air,air,air,air,air,air,air,air,air,air,air,air,air,air,air,air,air,air,air,air,air,air,air,air,air,air,air,air,air,air,air,air,air,air,air,air,air,air,air,air,air,air,air,air,air,air,air,air,air,air,air,air,air,air,air,air,air,air,air,air,air,air,air,air,air,air,air,air,air,air,air,air,air,air,air,air,air,air,air,air,air,air,air,air,air,air,air,air,air,air,air,air,wall
wall,air,air,air,air,air,air,air,air,air,air,air,air,air,air,air,air,air,air,air,air,air,air,air,air,air,air,air,air,air,air,air,air,air,air,air,air,air,air,air,air,air,air,air,air,air,air,air,air,air,air,air,air,air,air,air,air,air,air,air,air,air,air,air,air,air,air,air,air,air,air,air,air,air,air,air,air,air,air,air,air,air,air,air,air,air,air,air,air,air,air,air,air,air,air,air,air,air,air,air,wall
wall,air,air,air,air,air,air,air,air,air,air,air,air,air,air,air,air,air,air,air,air,air,air,air,air,air,air,air,air,air,air,air,air,air,air,air,air,air,air,air,air,air,air,air,air,air,air,air,air,air,air,air,air,air,air,air,air,air,air,air,air,air,air,air,air,air,air,air,air,air,air,air,air,air,air,air,air,air,air,air,air,air,air,air,air,air,air,air,air,air,air,air,air,air,air,air,air,air,air,air,wall
wall,air,air,air,air,air,air,air,air,air,air,air,air,air,air,air,air,air,air,air,air,air,air,air,air,air,air,air,air,air,air,air,air,air,air,air,air,air,air,air,air,air,air,air,air,air,air,air,air,air,air,air,air,air,air,air,air,air,air,air,air,air,air,air,air,air,air,air,air,air,air,air,air,air,air,air,air,air,air,air,air,air,air,air,air,air,air,air,air,air,air,air,air,air,air,air,air,air,air,air,wall
wall,air,air,air,air,air,air,air,air,air,air,air,air,air,air,air,air,air,air,air,air,air,air,air,air,air,air,air,air,air,air,air,air,air,air,air,air,air,air,air,air,air,air,air,air,air,air,air,air,air,air,air,air,air,air,air,air,air,air,air,air,air,air,air,air,air,air,air,air,air,air,air,air,air,air,air,air,air,air,air,air,air,air,air,air,air,air,air,air,air,air,air,air,air,air,air,air,air,air,air,wall
wall,air,air,air,air,air,air,air,air,air,air,air,air,air,air,air,air,air,air,air,air,air,air,air,air,air,air,air,air,air,air,air,air,air,air,air,air,air,air,air,air,air,air,air,air,air,air,air,air,air,air,air,air,air,air,air,air,air,air,air,air,air,air,air,air,air,air,air,air,air,air,air,air,air,air,air,air,air,air,air,air,air,air,air,air,air,air,air,air,air,air,air,air,air,air,air,air,air,air,air,wall
wall,air,air,air,air,air,air,air,air,air,air,air,air,air,air,air,air,air,air,air,air,air,air,air,air,air,air,air,air,air,air,air,air,air,air,air,air,air,air,air,air,air,air,air,air,air,air,air,air,air,air,air,air,air,air,air,air,air,air,air,air,air,air,air,air,air,air,air,air,air,air,air,air,air,air,air,air,air,air,air,air,air,air,air,air,air,air,air,air,air,air,air,air,air,air,air,air,air,air,air,wall
wall,air,air,air,air,air,air,air,air,air,air,air,air,air,air,air,air,air,air,air,air,air,air,air,air,air,air,air,air,air,air,air,air,air,air,air,air,air,air,air,air,air,air,air,air,air,air,air,air,air,air,air,air,air,air,air,air,air,air,air,air,air,air,air,air,air,air,air,air,air,air,air,air,air,air,air,air,air,air,air,air,air,air,air,air,air,air,air,air,air,air,air,air,air,air,air,air,air,air,air,wall
wall,air,air,air,air,air,air,air,air,air,air,air,air,air,air,air,air,air,air,air,air,air,air,air,air,air,air,air,air,air,air,air,air,air,air,air,air,air,air,air,air,air,air,air,air,air,air,air,air,air,air,air,air,air,air,air,air,air,air,air,air,air,air,air,air,air,air,air,air,air,air,air,air,air,air,air,air,air,air,air,air,air,air,air,air,air,air,air,air,air,air,air,air,air,air,air,air,air,air,air,wall
wall,air,air,air,air,air,air,air,air,air,air,air,air,air,air,air,air,air,air,air,air,air,air,air,air,air,air,air,air,air,air,air,air,air,air,air,air,air,air,air,air,air,air,air,air,air,air,air,air,air,air,air,air,air,air,air,air,air,air,air,air,air,air,air,air,air,air,air,air,air,air,air,air,air,air,air,air,air,air,air,air,air,air,air,air,air,air,air,air,air,air,air,air,air,air,air,air,air,air,air,wall
wall,air,air,air,air,air,air,air,air,air,air,air,air,air,air,air,air,air,air,air,air,air,air,air,air,air,air,air,air,air,air,air,air,air,air,air,air,air,air,air,air,air,air,air,air,air,air,air,air,air,air,air,air,air,air,air,air,air,air,air,air,air,air,air,air,air,air,air,air,air,air,air,air,air,air,air,air,air,air,air,air,air,air,air,air,air,air,air,air,air,air,air,air,air,air,air,air,air,air,air,wall
wall,air,air,air,air,air,air,air,air,air,air,air,air,air,air,air,air,air,air,air,air,air,air,air,air,air,air,air,air,air,air,air,air,air,air,air,air,air,air,air,air,air,air,air,air,air,air,air,air,air,air,air,air,air,air,air,air,air,air,air,air,air,air,air,air,air,air,air,air,air,air,air,air,air,air,air,air,air,air,air,air,air,air,air,air,air,air,air,air,air,air,air,air,air,air,air,air,air,air,air,wall
wall,air,air,air,air,air,air,air,air,air,air,air,air,air,air,air,air,air,air,air,air,air,air,air,air,air,air,air,air,air,air,air,air,air,air,air,air,air,air,air,air,air,air,air,air,air,air,air,air,air,air,air,air,air,air,air,air,air,air,air,air,air,air,air,air,air,air,air,air,air,air,air,air,air,air,air,air,air,air,air,air,air,air,air,air,air,air,air,air,air,air,air,air,air,air,air,air,air,air,air,wall
wall,air,air,air,air,air,air,air,air,air,air,air,air,air,air,air,air,air,air,air,air,air,air,air,air,air,air,air,air,air,air,air,air,air,air,air,air,air,air,air,air,air,air,air,air,air,air,air,air,air,air,air,air,air,air,air,air,air,air,air,air,air,air,air,air,air,air,air,air,air,air,air,air,air,air,air,air,air,air,air,air,air,air,air,air,air,air,air,air,air,air,air,air,air,air,air,air,air,air,air,wall
wall,air,air,air,air,air,air,air,air,air,air,air,air,air,air,air,air,air,air,air,air,air,air,air,air,air,air,air,air,air,air,air,air,air,air,air,air,air,air,air,air,air,air,air,air,air,air,air,air,air,air,air,air,air,air,air,air,air,air,air,air,air,air,air,air,air,air,air,air,air,air,air,air,air,air,air,air,air,air,air,air,air,air,air,air,air,air,air,air,air,air,air,air,air,air,air,air,air,air,air,wall
wall,air,air,air,air,air,air,air,air,air,air,air,air,air,air,air,air,air,air,air,air,air,air,air,air,air,air,air,air,air,air,air,air,air,air,air,air,air,air,air,air,air,air,air,air,air,air,air,air,air,air,air,air,air,air,air,air,air,air,air,air,air,air,air,air,air,air,air,air,air,air,air,air,air,air,air,air,air,air,air,air,air,air,air,air,air,air,air,air,air,air,air,air,air,air,air,air,air,air,air,wall
wall,air,air,air,air,air,air,air,air,air,air,air,air,air,air,air,air,air,air,air,air,air,air,air,air,air,air,air,air,air,air,air,air,air,air,air,air,air,air,air,air,air,air,air,air,air,air,air,air,air,air,air,air,air,air,air,air,air,air,air,air,air,air,air,air,air,air,air,air,air,air,air,air,air,air,air,air,air,air,air,air,air,air,air,air,air,air,air,air,air,air,air,air,air,air,air,air,air,air,air,wall
wall,air,air,air,air,air,air,air,air,air,air,air,air,air,air,air,air,air,air,air,air,air,air,air,air,air,air,air,air,air,air,air,air,air,air,air,air,air,air,air,air,air,air,air,air,air,air,air,air,air,air,air,air,air,air,air,air,air,air,air,air,air,air,air,air,air,air,air,air,air,air,air,air,air,air,air,air,air,air,air,air,air,air,air,air,air,air,air,air,air,air,air,air,air,air,air,air,air,air,air,wall
wall,air,air,air,air,air,air,air,air,air,air,air,air,air,air,air,air,air,air,air,air,air,air,air,air,air,air,air,air,air,air,air,air,air,air,air,air,air,air,air,air,air,air,air,air,air,air,air,air,air,air,air,air,air,air,air,air,air,air,air,air,air,air,air,air,air,air,air,air,air,air,air,air,air,air,air,air,air,air,air,air,air,air,air,air,air,air,air,air,air,air,air,air,air,air,air,air,air,air,air,wall
wall,air,air,air,air,air,air,air,air,air,air,air,air,air,air,air,air,air,air,air,air,air,air,air,air,air,air,air,air,air,air,air,air,air,air,air,air,air,air,air,air,air,air,air,air,air,air,air,air,air,air,air,air,air,air,air,air,air,air,air,air,air,air,air,air,air,air,air,air,air,air,air,air,air,air,air,air,air,air,air,air,air,air,air,air,air,air,air,air,air,air,air,air,air,air,air,air,air,air,air,wall
wall,air,air,air,air,air,air,air,air,air,air,air,air,air,air,air,air,air,air,air,air,air,air,air,air,air,air,air,air,air,air,air,air,air,air,air,air,air,air,air,air,air,air,air,air,air,air,air,air,air,air,air,air,air,air,air,air,air,air,air,air,air,air,air,air,air,air,air,air,air,air,air,air,air,air,air,air,air,air,air,air,air,air,air,air,air,air,air,air,air,air,air,air,air,air,air,air,air,air,air,wall
wall,air,air,air,air,air,air,air,air,air,air,air,air,air,air,air,air,air,air,air,air,air,air,air,air,air,air,air,air,air,air,air,air,air,air,air,air,air,air,air,air,air,air,air,air,air,air,air,air,air,air,air,air,air,air,air,air,air,air,air,air,air,air,air,air,air,air,air,air,air,air,air,air,air,air,air,air,air,air,air,air,air,air,air,air,air,air,air,air,air,air,air,air,air,air,air,air,air,air,air,wall
wall,air,air,air,air,air,air,air,air,air,air,air,air,air,air,air,air,air,air,air,air,air,air,air,air,air,air,air,air,air,air,air,air,air,air,air,air,air,air,air,air,air,air,air,air,air,air,air,air,air,air,air,air,air,air,air,air,air,air,air,air,air,air,air,air,air,air,air,air,air,air,air,air,air,air,air,air,air,air,air,air,air,air,air,air,air,air,air,air,air,air,air,air,air,air,air,air,air,air,air,wall
wall,air,air,air,air,air,air,air,air,air,air,air,air,air,air,air,air,air,air,air,air,air,air,air,air,air,air,air,air,air,air,air,air,air,air,air,air,air,air,air,air,air,air,air,air,air,air,air,air,air,air,air,air,air,air,air,air,air,air,air,air,air,air,air,air,air,air,air,air,air,air,air,air,air,air,air,air,air,air,air,air,air,air,air,air,air,air,air,air,air,air,air,air,air,air,air,air,air,air,air,wall
wall,air,air,air,air,air,air,air,air,air,air,air,air,air,air,air,air,air,air,air,air,air,air,air,air,air,air,air,air,air,air,air,air,air,air,air,air,air,air,air,air,air,air,air,air,air,air,air,air,air,air,air,air,air,air,air,air,air,air,air,air,air,air,air,air,air,air,air,air,air,air,air,air,air,air,air,air,air,air,air,air,air,air,air,air,air,air,air,air,air,air,air,air,air,air,air,air,air,air,air,wall
wall,air,air,air,air,air,air,air,air,air,air,air,air,air,air,air,air,air,air,air,air,air,air,air,air,wall,wall,wall,wall,wall,wall,wall,wall,wall,wall,wall,wall,wall,wall,wall,wall,wall,wall,wall,wall,wall,wall,wall,wall,wall,wall,wall,wall,wall,wall,wall,wall,wall,wall,wall,wall,wall,wall,wall,wall,wall,wall,wall,wall,wall,wall,wall,wall,wall,wall,wall,wall,wall,wall,wall,wall,wall,wall,wall,wall,wall,wall,wall,wall,wall,wall,wall,wall,wall,wall,wall,wall,wall,wall,wall,wall
wall,air,air,air,air,air,air,air,air,air,air,air,air,air,air,air,air,air,air,air,air,air,air,air,wall,air,air,air,air,air,air,air,air,air,air,air,air,air,air,air,air,air,air,air,air,air,air,air,air,air,air,air,air,air,air,air,air,air,air,air,air,air,air,air,air,air,air,air,air,air,air,air,air,air,air,air,air,air,air,air,air,air,air,air,air,air,air,air,air,air,air,air,air,air,air,air,air,air,air,air,wall
wall,air,air,air,air,air,air,air,air,air,air,air,air,air,air,air,air,air,air,air,air,air,air,air,wall,air,air,air,air,air,air,air,air,air,air,air,air,air,air,air,air,air,air,air,air,air,air,air,air,air,air,air,air,air,air,air,air,air,air,air,air,air,air,air,air,air,air,air,air,air,air,air,air,air,air,air,air,air,air,air,air,air,air,air,air,air,air,air,air,air,air,air,air,air,air,air,air,air,air,air,wall
wall,air,air,air,air,air,air,air,air,air,air,air,air,air,air,air,air,air,air,air,air,air,air,air,wall,air,air,air,air,air,air,air,air,air,air,air,air,air,air,air,air,air,air,air,air,air,air,air,air,air,air,air,air,air,air,air,air,air,air,air,air,air,air,air,air,air,air,air,air,air,air,air,air,air,air,air,air,air,air,air,air,air,air,air,air,air,air,air,air,air,air,air,air,air,air,air,air,end,air,air,wall
wall,air,air,air,air,air,air,air,air,air,air,air,air,air,air,air,air,air,air,air,air,air,air,air,wall,air,air,air,air,air,air,air,air,air,air,air,air,air,air,air,air,air,air,air,air,air,air,air,air,air,air,air,air,air,air,air,air,air,air,air,air,air,air,air,air,air,air,air,air,air,air,air,air,air,air,air,air,air,air,air,air,air,air,air,air,air,air,air,air,air,air,air,air,air,air,air,air,air,air,air,wall
wall,air,air,air,air,air,air,air,air,air,air,air,air,air,air,air,air,air,air,air,air,air,air,air,wall,air,air,air,air,air,air,air,air,air,air,air,air,air,air,air,air,air,air,air,air,air,air,air,air,air,air,air,air,air,air,air,air,air,air,air,air,air,air,air,air,air,air,air,air,air,air,air,air,air,air,air,air,air,air,air,air,air,air,air,air,air,air,air,air,air,air,air,air,air,air,air,air,air,air,air,wall
wall,air,air,air,air,air,air,air,air,air,air,air,air,air,air,air,air,air,air,air,air,air,air,air,wall,air,air,air,air,air,air,air,air,wall,wall,wall,wall,wall,wall,wall,wall,wall,wall,wall,wall,wall,wall,wall,wall,wall,wall,wall,wall,wall,wall,wall,wall,wall,wall,wall,wall,wall,wall,wall,wall,wall,wall,wall,wall,wall,wall,wall,wall,wall,wall,wall,wall,wall,wall,wall,wall,wall,wall,wall,wall,wall,wall,wall,wall,wall,wall,wall,wall,wall,wall,wall,wall,wall,wall,wall,wall
wall,air,air,air,air,air,air,air,air,air,air,air,air,air,air,air,air,air,air,air,air,air,wall,wall,air,air,air,air,air,air,air,air,wall,air,air,air,air,air,air,air,air,air,air,air,air,air,air,air,air,air,air,air,air,air,air,air,air,air,air,air,air,air,air,air,air,air,air,air,air,air,air,air,air,air,air,air,air,air,air,air,air,air,air,air,air,air,air,air,air,air,air,air,air,air,air,air,air,air,air,air,wall
wall,air,air,air,air,air,air,air,air,air,air,air,air,air,air,air,air,air,air,air,air,wall,air,air,air,air,air,air,air,air,wall,wall,air,air,air,air,air,air,air,air,air,air,air,air,air,air,air,air,air,air,air,air,air,air,air,air,air,air,air,air,air,air,air,air,air,air,air,air,air,air,air,air,air,air,air,air,air,air,air,air,air,air,air,air,air,air,air,air,air,air,air,air,air,air,air,air,air,air,air,air,wall
wall,air,air,air,air,air,air,air,air,air,air,air,air,air,air,air,air,air,air,wall,wall,air,air,air,air,air,air,air,air,wall,air,air,air,air,air,air,air,air,air,air,air,air,air,air,air,air,air,air,air,air,air,air,air,air,air,air,air,air,air,air,air,air,air,air,air,air,air,air,air,air,air,air,air,air,air,air,air,air,air,air,air,air,air,air,air,air,air,air,air,air,air,air,air,air,air,air,air,air,air,air,wall
wall,air,air,air,air,air,air,air,air,air,air,air,air,air,air,air,air,air,wall,air,air,air,air,air,air,air,air,air,wall,air,air,air,air,air,air,air,air,air,air,air,air,air,air,air,air,air,air,air,air,air,air,air,air,air,air,air,air,air,air,air,air,air,air,air,air,air,air,air,air,air,air,air,air,air,air,air,air,air,air,air,air,air,air,air,air,air,air,air,air,air,air,air,air,air,air,air,air,air,air,air,wall
wall,air,air,air,air,air,air,air,air,air,air,air,air,air,air,air,air,wall,air,air,air,air,air,air,air,air,air,wall,air,air,air,air,air,air,air,air,air,air,air,air,air,air,air,air,air,air,air,air,air,air,air,air,air,air,air,air,air,air,air,air,air,air,air,air,air,air,air,air,air,air,air,air,air,air,air,air,air,air,air,air,air,air,air,air,air,air,air,air,air,air,air,air,air,air,air,air,air,air,air,air,wall
wall,air,air,air,air,air,air,air,air,air,air,air,air,air,air,wall,wall,air,air,air,air,air,air,air,air,air,wall,air,air,air,air,air,air,air,air,air,air,air,air,air,air,air,air,air,air,air,air,air,air,air,air,air,air,air,air,air,air,air,air,air,air,air,air,air,air,air,air,air,air,air,air,air,air,air,air,air,air,air,air,air,air,air,air,air,air,air,air,air,air,air,air,air,air,air,air,air,air,air,air,air,wall
wall,air,air,air,air,air,air,air,air,air,air,air,air,air,wall,air,air,air,air,air,air,air,air,air,wall,wall,air,air,air,air,air,air,air,air,air,air,air,air,air,air,air,air,air,air,air,air,air,air,air,air,air,air,air,air,air,air,air,air,air,air,air,air,air,air,air,air,air,air,air,air,air,air,air,air,air,air,air,air,air,air,air,air,air,air,air,air,air,air,air,air,air,air,air,air,air,air,air,air,air,air,wall
wall,air,air,air,air,air,air,air,air,air,air,air,wall,wall,air,air,air,air,air,air,air,air,air,wall,air,air,air,air,air,air,air,air,air,air,air,air,air,air,air,air,air,air,air,air,air,air,air,air,air,air,air,air,air,air,air,air,air,air,air,air,air,air,air,air,air,air,air,air,air,air,air,air,air,air,air,air,air,air,air,air,air,air,air,air,air,air,air,air,air,air,air,air,air,air,air,air,air,air,air,air,wall
wall,air,air,air,air,air,air,air,air,air,air,wall,air,air,air,air,air,air,air,air,air,air,wall,air,air,air,air,air,air,air,air,air,air,air,air,air,air,air,air,air,air,air,air,air,air,air,air,air,air,air,air,air,air,air,air,air,air,air,air,air,air,air,air,air,air,air,air,air,air,air,air,air,air,air,air,air,air,air,air,air,air,air,air,air,air,air,air,air,air,air,air,air,air,air,air,air,air,air,air,air,wall
wall,air,air,air,air,air,air,air,air,wall,wall,air,air,air,air,air,air,air,air,air,air,wall,air,air,air,air,air,air,air,air,air,air,air,air,air,air,air,air,air,air,air,air,air,air,air,air,air,air,air,air,air,air,air,air,air,air,air,air,air,air,air,air,air,air,air,air,air,air,air,air,air,air,air,air,air,air,air,air,air,air,air,air,air,air,air,air,air,air,air,air,air,air,air,air,air,air,air,air,air,air,wall
wall,air,air,air,air,air,air,air,wall,air,air,air,air,air,air,air,air,air,air,wall,wall,air,air,air,air,air,air,air,air,air,air,air,air,air,air,air,air,air,air,air,air,air,air,air,air,air,air,air,air,air,air,air,air,air,air,air,air,air,air,air,air,air,air,air,air,air,air,air,air,air,air,air,air,air,air,air,air,air,air,air,air,air,air,air,air,air,air,air,air,air,air,air,air,air,air,air,air,air,air,air,wall
wall,air,air,air,air,air,wall,wall,air,air,air,air,air,air,air,air,air,air,wall,air,air,air,air,air,air,air,air,air,air,air,air,air,air,air,air,air,air,air,air,air,air,air,air,air,air,air,air,air,air,air,air,air,air,air,air,air,air,air,air,air,air,air,air,air,air,air,air,air,air,air,air,air,air,air,air,air,air,air,air,air,air,air,air,air,air,air,air,air,air,air,air,air,air,air,air,air,air,air,air,air,wall
wall,air,air,air,wall,wall,air,air,air,air,air,air,air,air,air,air,air,wall,air,air,air,air,air,air,air,air,air,air,air,air,air,air,air,air,air,air,air,air,air,air,air,air,air,air,air,air,air,air,air,air,air,air,air,air,air,air,air,air,air,air,air,air,air,air,air,air,air,air,air,air,air,air,air,air,air,air,air,air,air,air,air,air,air,air,air,air,air,air,air,air,air,air,air,air,air,air,air,air,air,air,wall
wall,air,air,wall,air,air,air,air,air,air,air,air,air,air,air,air,wall,air,air,air,air,air,air,air,air,air,air,air,air,air,air,air,air,air,air,air,air,air,air,air,air,air,air,air,air,air,air,air,air,air,air,air,air,air,air,air,air,air,air,air,air,air,air,air,air,air,air,air,air,air,air,air,air,air,air,air,air,air,air,air,air,air,air,air,air,air,air,air,air,air,air,air,air,air,air,air,air,air,air,air,wall
wall,wall,wall,wall,wall,wall,wall,wall,wall,wall,wall,air,wall,wall,wall,wall,wall,wall,air,air,air,air,air,air,air,air,air,air,air,air,air,air,air,air,air,air,air,air,air,air,air,air,air,air,air,air,air,air,air,air,air,air,air,air,air,air,air,air,air,air,air,air,air,air,air,air,air,air,air,air,air,air,air,air,air,air,air,air,air,air,air,air,air,air,air,air,air,air,air,air,air,air,air,air,air,air,air,air,air,air,wall
wall,air,air,air,air,air,air,air,air,air,air,air,air,air,air,air,air,wall,air,air,air,air,air,air,air,air,air,air,air,air,air,air,air,air,air,air,air,air,air,air,air,air,air,air,air,air,air,air,air,air,air,air,air,air,air,air,air,air,air,air,air,air,air,air,air,air,air,air,air,air,air,air,air,air,air,air,air,air,air,air,air,air,air,air,air,air,air,air,air,air,air,air,air,air,air,air,air,air,air,air,wall
wall,air,air,air,air,air,air,air,air,air,wall,air,air,air,air,air,air,wall,air,air,air,air,air,air,air,air,air,air,air,air,air,air,air,air,air,air,air,air,air,air,air,air,air,air,air,air,air,air,air,air,air,air,air,air,air,air,air,air,air,air,air,air,air,air,air,air,air,air,air,air,air,air,air,air,air,air,air,air,air,air,air,air,air,air,air,air,air,air,air,air,air,air,air,air,air,air,air,air,air,air,wall
wall,air,air,air,air,air,air,air,air,air,wall,air,air,air,air,air,air,wall,air,air,air,air,air,air,air,air,air,air,air,air,air,air,air,air,air,air,air,air,air,air,air,air,air,air,air,air,air,air,air,air,air,air,air,air,air,air,air,air,air,air,air,air,air,air,air,air,air,air,air,air,air,air,air,air,air,air,air,air,air,air,air,air,air,air,air,air,air,air,air,air,air,air,air,air,air,air,air,air,air,air,wall
wall,air,air,air,air,air,air,air,air,air,wall,air,air,air,air,air,air,wall,air,air,air,air,air,air,air,air,air,air,air,air,air,air,air,air,air,air,air,air,air,air,air,air,air,air,air,air,air,air,air,air,air,air,air,air,air,air,air,air,air,air,air,air,air,air,air,air,air,air,air,air,air,air,air,air,air,air,air,air,air,air,air,air,air,air,air,air,air,air,air,air,air,air,air,air,air,air,air,air,air,air,wall
wall,air,air,air,air,air,air,air,air,air,wall,air,air,air,air,air,air,wall,air,air,air,air,air,air,air,air,air,air,air,air,air,air,air,air,air,air,air,air,air,air,air,air,air,air,air,air,air,air,air,air,air,air,air,air,air,air,air,air,air,air,air,air,air,air,air,air,air,air,air,air,air,air,air,air,air,air,air,air,air,air,air,air,air,air,air,air,air,air,air,air,air,air,air,air,air,air,air,air,air,air,wall
wall,air,spawn,air,air,air,air,air,air,air,wall,air,air,air,air,air,air,wall,air,air,air,air,air,air,air,air,air,air,air,air,air,air,air,air,air,air,air,air,air,air,air,air,air,air,air,air,air,air,air,air,air,air,air,air,air,air,air,air,air,air,air,air,air,air,air,air,air,air,air,air,air,air,air,air,air,air,air,air,air,air,air,air,air,air,air,air,air,air,air,air,air,air,air,air,air,air,air,air,air,air,wall
wall,air,air,air,air,air,air,air,air,air,wall,air,air,air,air,air,air,wall,air,air,air,air,air,air,air,air,air,air,air,air,air,air,air,air,air,air,air,air,air,air,air,air,air,air,air,air,air,air,air,air,air,air,air,air,air,air,air,air,air,air,air,air,air,air,air,air,air,air,air,air,air,air,air,air,air,air,air,air,air,air,air,air,air,air,air,air,air,air,air,air,air,air,air,air,air,air,air,air,air,air,wall
air,wall,wall,wall,wall,wall,wall,wall,wall,wall,wall,wall,wall,wall,wall,wall,wall,wall,wall,wall,wall,wall,wall,wall,wall,wall,wall,wall,wall,wall,wall,wall,wall,wall,wall,wall,wall,wall,wall,wall,wall,wall,wall,wall,wall,wall,wall,wall,wall,wall,wall,wall,wall,wall,wall,wall,wall,wall,wall,wall,wall,wall,wall,wall,wall,wall,wall,wall,wall,wall,wall,wall,wall,wall,wall,wall,wall,wall,wall,wall,wall,wall,wall,wall,wall,wall,wall,wall,wall,wall,wall,wall,wall,wall,wall,wall,wall,wall,wall,wall,air
